{
  "averageDurationMs": 0.43822665534513444,
  "minDurationMs": 0.004450000822544098,
  "maxDurationMs": 54.46202100068331,
  "medianDurationMs": 0.027720000594854355
}